soc-LiveJournal1,SparsePush,dynamic-vertex-parallel,boolean-array,false,0,46.1292405128479,0.111945
orkut-links,DensePull-SparsePush,static-vertex-parallel,boolean-array,false,0,63.96227145195007,0.077494
orkut-links,SparsePush-DensePull,dynamic-vertex-parallel,boolean-array,false,5,71.77998542785645,0.07004
youtube-u-growth,DensePull-SparsePush,dynamic-vertex-parallel,boolean-array,false,10,6.123001337051392,0.065239
roadNet-CA,DensePull-SparsePush,dynamic-vertex-parallel,bitvector,false,20,1.779595136642456,0.005464
dblp_coauthor,SparsePush-DensePull,serial,boolean-array,false,5,19.42714524269104,0.487631
orkut-links,SparsePush-DensePull,edge-aware-dynamic-vertex-parallel,boolean-array,false,20,77.14462661743164,0.130368
soc-LiveJournal1,SparsePush-DensePull,dynamic-vertex-parallel,boolean-array,false,0,46.65331768989563,0.084746
roadNet-CA,DensePull-SparsePush,edge-aware-dynamic-vertex-parallel,bitvector,false,0,1.7306313514709473,0.013692
youtube-u-growth,DensePull,static-vertex-parallel,boolean-array,false,5,6.151022434234619,0.083411
youtube-u-growth,DensePull-SparsePush,serial,bitvector,false,0,6.217191219329834,0.338438
dblp_coauthor,SparsePush-DensePull,dynamic-vertex-parallel,bitvector,false,10,19.026761770248413,0.045505
orkut-links,DensePull-SparsePush,edge-aware-dynamic-vertex-parallel,boolean-array,false,15,76.09625959396362,0.12835
orkut-links,DensePull,static-vertex-parallel,boolean-array,false,20,76.55230140686035,0.200398
roadNet-CA,DensePull-SparsePush,serial,boolean-array,false,5,1.777360439300537,0.006408
dblp_coauthor,SparsePush-DensePull,edge-aware-dynamic-vertex-parallel,boolean-array,false,20,19.081858158111572,0.056736
orkut-links,DensePull-SparsePush,edge-aware-dynamic-vertex-parallel,boolean-array,false,20,75.70643925666809,0.146357
dblp_coauthor,SparsePush-DensePull,static-vertex-parallel,bitvector,false,5,19.08845043182373,0.056942
orkut-links,DensePull-SparsePush,dynamic-vertex-parallel,boolean-array,false,0,73.41491651535034,0.076076
dblp_coauthor,DensePull,serial,bitvector,false,10,20.450726985931396,1.39568
youtube-u-growth,DensePull,dynamic-vertex-parallel,bitvector,false,20,6.280633449554443,0.133296
youtube-u-growth,SparsePush-DensePull,edge-aware-dynamic-vertex-parallel,bitvector,false,5,6.10714316368103,0.071645
dblp_coauthor,DensePull,edge-aware-dynamic-vertex-parallel,bitvector,false,5,19.046616554260254,0.085479
soc-LiveJournal1,SparsePush-DensePull,edge-aware-dynamic-vertex-parallel,bitvector,false,15,47.719667196273804,0.122857
dblp_coauthor,DensePull,edge-aware-dynamic-vertex-parallel,boolean-array,false,15,19.183124780654907,0.111541
dblp_coauthor,DensePull,edge-aware-dynamic-vertex-parallel,bitvector,false,10,19.110512256622314,0.101709
dblp_coauthor,SparsePush-DensePull,edge-aware-dynamic-vertex-parallel,boolean-array,false,0,18.692806720733643,0.042939
youtube-u-growth,DensePull,edge-aware-dynamic-vertex-parallel,bitvector,false,20,6.302772283554077,0.19906
soc-LiveJournal1,DensePull,serial,bitvector,false,5,51.09511947631836,4.11385
roadNet-CA,DensePull-SparsePush,dynamic-vertex-parallel,bitvector,false,10,1.783695936203003,0.005728
roadNet-CA,SparsePush-DensePull,dynamic-vertex-parallel,bitvector,false,0,1.6923363208770752,0.002577
dblp_coauthor,SparsePush-DensePull,dynamic-vertex-parallel,bitvector,false,0,18.661558866500854,0.042449
roadNet-CA,DensePull,edge-aware-dynamic-vertex-parallel,bitvector,false,15,1.8834400177001953,0.136079
orkut-links,DensePull,edge-aware-dynamic-vertex-parallel,boolean-array,false,0,70.7258152961731,0.161532
roadNet-CA,DensePull,static-vertex-parallel,boolean-array,false,20,1.8917436599731445,0.130291
orkut-links,DensePull-SparsePush,serial,bitvector,false,10,77.56208395957947,1.54419
roadNet-CA,DensePull-SparsePush,dynamic-vertex-parallel,bitvector,false,5,1.832625150680542,0.028517
dblp_coauthor,DensePull-SparsePush,edge-aware-dynamic-vertex-parallel,bitvector,false,0,18.685251712799072,0.050337
orkut-links,SparsePush-DensePull,static-vertex-parallel,boolean-array,false,20,76.22388243675232,0.096339
soc-LiveJournal1,DensePull-SparsePush,static-vertex-parallel,boolean-array,false,0,46.44654870033264,0.095648
dblp_coauthor,SparsePush-DensePull,serial,bitvector,false,10,19.367797374725342,0.46523
roadNet-CA,DensePull,static-vertex-parallel,bitvector,false,20,1.957329511642456,0.187122
roadNet-CA,DensePull,edge-aware-dynamic-vertex-parallel,boolean-array,false,10,1.8651113510131836,0.10088
dblp_coauthor,DensePull-SparsePush,edge-aware-dynamic-vertex-parallel,boolean-array,false,10,19.15960717201233,0.058741
orkut-links,DensePull-SparsePush,serial,bitvector,false,15,77.85933256149292,1.54623
dblp_coauthor,SparsePush-DensePull,static-vertex-parallel,bitvector,false,0,18.57090449333191,0.044939
soc-LiveJournal1,DensePull-SparsePush,serial,bitvector,false,5,48.82523488998413,1.65824
dblp_coauthor,DensePull-SparsePush,static-vertex-parallel,bitvector,false,5,18.96985363960266,0.052783
roadNet-CA,DensePull,serial,bitvector,false,15,2.3065009117126465,0.551605
roadNet-CA,SparsePush-DensePull,static-vertex-parallel,bitvector,false,5,1.7808454036712646,0.004999
dblp_coauthor,DensePull,edge-aware-dynamic-vertex-parallel,boolean-array,false,20,19.073285341262817,0.12567
youtube-u-growth,SparsePush-DensePull,dynamic-vertex-parallel,boolean-array,false,20,6.1574928760528564,0.057672
orkut-links,DensePull,dynamic-vertex-parallel,bitvector,false,5,76.12625551223755,0.149835
youtube-u-growth,DensePull-SparsePush,edge-aware-dynamic-vertex-parallel,boolean-array,false,5,6.127900123596191,0.081822
dblp_coauthor,DensePull,static-vertex-parallel,bitvector,false,20,19.246787071228027,0.122446
orkut-links,DensePull-SparsePush,dynamic-vertex-parallel,bitvector,false,15,76.49954605102539,0.094697
soc-LiveJournal1,DensePull,serial,boolean-array,false,0,50.623713970184326,4.40761
dblp_coauthor,DensePull-SparsePush,static-vertex-parallel,boolean-array,false,10,19.099274158477783,0.047213
youtube-u-growth,DensePull,static-vertex-parallel,bitvector,false,10,6.207806825637817,0.111068
orkut-links,SparsePush,static-vertex-parallel,boolean-array,false,0,74.9107460975647,0.116027
orkut-links,SparsePush-DensePull,static-vertex-parallel,bitvector,false,20,76.48721599578857,0.092411
orkut-links,DensePull-SparsePush,static-vertex-parallel,boolean-array,false,15,76.11023783683777,0.104099
soc-LiveJournal1,DensePull-SparsePush,static-vertex-parallel,bitvector,false,20,47.8043692111969,0.110719
dblp_coauthor,SparsePush,dynamic-vertex-parallel,boolean-array,false,0,18.715982913970947,0.044553
youtube-u-growth,DensePull-SparsePush,dynamic-vertex-parallel,boolean-array,false,15,6.105952024459839,0.063074
soc-LiveJournal1,DensePull-SparsePush,dynamic-vertex-parallel,boolean-array,false,20,47.3564772605896,0.108243
roadNet-CA,SparsePush-DensePull,dynamic-vertex-parallel,bitvector,false,5,1.7814016342163086,0.004721
youtube-u-growth,SparsePush-DensePull,edge-aware-dynamic-vertex-parallel,bitvector,false,10,5.994032382965088,0.089112
orkut-links,DensePull,dynamic-vertex-parallel,bitvector,false,10,76.46268773078918,0.207602
youtube-u-growth,DensePull-SparsePush,edge-aware-dynamic-vertex-parallel,boolean-array,false,10,6.148717403411865,0.081138
youtube-u-growth,DensePull-SparsePush,edge-aware-dynamic-vertex-parallel,bitvector,false,20,5.523343086242676,0.091065
roadNet-CA,DensePull,edge-aware-dynamic-vertex-parallel,bitvector,false,20,1.9028294086456299,0.144241
dblp_coauthor,DensePull,dynamic-vertex-parallel,bitvector,false,20,19.20611834526062,0.124751
orkut-links,DensePush-SparsePush,static-vertex-parallel,boolean-array,false,0,74.36728286743164,0.070795
orkut-links,SparsePush-DensePull,serial,boolean-array,false,20,78.04827880859375,1.63386
youtube-u-growth,DensePull,static-vertex-parallel,boolean-array,false,20,6.1991472244262695,0.146102
orkut-links,SparsePush-DensePull,dynamic-vertex-parallel,boolean-array,false,10,75.63651990890503,0.091824
soc-LiveJournal1,SparsePush-DensePull,static-vertex-parallel,boolean-array,false,0,46.14649724960327,0.082415
roadNet-CA,DensePull-SparsePush,dynamic-vertex-parallel,boolean-array,false,5,1.7651515007019043,0.003821
soc-LiveJournal1,DensePull-SparsePush,serial,bitvector,false,10,49.38407254219055,1.80865
roadNet-CA,DensePull,dynamic-vertex-parallel,bitvector,false,20,1.9036550521850586,0.130171
dblp_coauthor,DensePull,serial,bitvector,false,15,20.59915280342102,1.48636
dblp_coauthor,DensePull-SparsePush,static-vertex-parallel,boolean-array,false,20,19.01341223716736,0.053312
youtube-u-growth,SparsePush-DensePull,static-vertex-parallel,bitvector,false,20,6.137174367904663,0.056676
orkut-links,DensePull,serial,bitvector,false,0,77.82740616798401,2.83533
soc-LiveJournal1,DensePull,dynamic-vertex-parallel,bitvector,false,5,47.30510497093201,0.197351
youtube-u-growth,DensePull,static-vertex-parallel,boolean-array,false,15,5.4378015995025635,0.119714
roadNet-CA,DensePull-SparsePush,dynamic-vertex-parallel,boolean-array,false,0,1.7136783599853516,0.002201
soc-LiveJournal1,DensePull,edge-aware-dynamic-vertex-parallel,boolean-array,false,0,45.52897644042969,0.210385
orkut-links,DensePull,serial,boolean-array,false,0,77.70453190803528,3.40234
roadNet-CA,DensePush-SparsePush,dynamic-vertex-parallel,boolean-array,false,0,1.7137184143066406,0.003937
roadNet-CA,DensePull-SparsePush,static-vertex-parallel,boolean-array,false,15,1.7776379585266113,0.00486
orkut-links,DensePull,edge-aware-dynamic-vertex-parallel,bitvector,false,5,75.8096661567688,0.172628
orkut-links,DensePull-SparsePush,edge-aware-dynamic-vertex-parallel,boolean-array,false,0,74.43639397621155,0.091364
dblp_coauthor,SparsePush-DensePull,serial,boolean-array,false,10,19.48354959487915,0.488727
roadNet-CA,DensePull-SparsePush,serial,boolean-array,false,10,1.7906584739685059,0.004774
orkut-links,DensePull,dynamic-vertex-parallel,boolean-array,false,15,71.69506859779358,0.184178
dblp_coauthor,DensePull-SparsePush,edge-aware-dynamic-vertex-parallel,boolean-array,false,5,18.95539903640747,0.047544
dblp_coauthor,SparsePush-DensePull,static-vertex-parallel,boolean-array,false,10,18.369734525680542,0.043411
orkut-links,DensePull-SparsePush,serial,boolean-array,false,0,76.09763073921204,1.69469
orkut-links,DensePull,dynamic-vertex-parallel,boolean-array,false,5,75.5614538192749,0.151305
youtube-u-growth,SparsePush-DensePull,edge-aware-dynamic-vertex-parallel,bitvector,false,15,6.17263388633728,0.101838
roadNet-CA,DensePull-SparsePush,edge-aware-dynamic-vertex-parallel,boolean-array,false,5,1.773212194442749,0.004418
roadNet-CA,SparsePush-DensePull,serial,bitvector,false,10,1.7667460441589355,0.003254
roadNet-CA,DensePull,edge-aware-dynamic-vertex-parallel,bitvector,false,0,1.7555289268493652,0.081145
dblp_coauthor,DensePull,dynamic-vertex-parallel,boolean-array,false,0,18.5879385471344,0.078324
roadNet-CA,SparsePush-DensePull,edge-aware-dynamic-vertex-parallel,boolean-array,false,20,1.7814476490020752,0.005388
soc-LiveJournal1,DensePull-SparsePush,serial,bitvector,false,0,47.85658645629883,1.78646
youtube-u-growth,DensePush-SparsePush,serial,boolean-array,false,0,6.063448905944824,0.215614
roadNet-CA,SparsePush-DensePull,serial,boolean-array,false,5,1.7717857360839844,0.004236
soc-LiveJournal1,DensePull-SparsePush,edge-aware-dynamic-vertex-parallel,boolean-array,false,0,46.10909867286682,0.094609
dblp_coauthor,DensePull,edge-aware-dynamic-vertex-parallel,boolean-array,false,0,18.67661213874817,0.076064
youtube-u-growth,DensePull-SparsePush,edge-aware-dynamic-vertex-parallel,boolean-array,false,0,5.91386866569519,0.059981
orkut-links,DensePull-SparsePush,serial,boolean-array,false,20,78.16824746131897,1.68798
dblp_coauthor,SparsePush-DensePull,static-vertex-parallel,boolean-array,false,0,18.668174266815186,0.038369
orkut-links,DensePull,edge-aware-dynamic-vertex-parallel,bitvector,false,20,76.73474311828613,0.336092
orkut-links,DensePull,serial,boolean-array,false,10,73.46246671676636,3.81849
youtube-u-growth,SparsePush-DensePull,static-vertex-parallel,bitvector,false,0,5.863140821456909,0.041576
dblp_coauthor,DensePull,static-vertex-parallel,boolean-array,false,10,19.199544668197632,0.125967
dblp_coauthor,SparsePush-DensePull,static-vertex-parallel,boolean-array,false,5,18.70672369003296,0.045495
youtube-u-growth,DensePull-SparsePush,static-vertex-parallel,boolean-array,false,20,6.127238750457764,0.059759
soc-LiveJournal1,DensePull-SparsePush,static-vertex-parallel,boolean-array,false,5,46.973416805267334,0.092942
orkut-links,DensePull,serial,bitvector,false,10,79.47430515289307,3.57391
youtube-u-growth,DensePull-SparsePush,serial,boolean-array,false,10,6.442957162857056,0.394464
roadNet-CA,DensePull,edge-aware-dynamic-vertex-parallel,bitvector,false,10,1.8659489154815674,0.111713
soc-LiveJournal1,DensePull-SparsePush,serial,boolean-array,false,15,49.48811388015747,1.93226
